<?xml version="1.0" encoding="UTF-8"?>
<?xml-stylesheet type="text/xsl" href="books.xsl"?>
<!DOCTYPE books SYSTEM "books.dtd">
<books>
    <book>
        <title>The Catcher in the Rye</title>
        <author>J.D. Salinger</author>
        <isbn>9780316769488</isbn>
        <publisher>sumith</publisher>
        <edition>1st</edition>
        <price>10.99</price>
    </book>
    <book>
        <title>To Kill a Mockingbird</title>
        <author>Harper Lee</author>
        <isbn>9780061120084</isbn>
        <publisher>sharath</publisher>
        <edition>1st</edition>
        <price>7.99</price>
    </book>
    <book>
        <title>1984</title>
        <author>George Orwell</author>
        <isbn>9780451524935</isbn>
        <publisher>anjan</publisher>
        <edition>1st</edition>
        <price>9.99</price>
    </book>
    <book>
        <title>Pride and Prejudice</title>
        <author>Jane Austen</author>
        <isbn>9780679783268</isbn>
        <publisher>siddarth</publisher>
        <edition>1st</edition>
        <price>8.99</price>
    </book>
</books>
